{"MQ6_RAW": 82, "MQ6": 23.060871525375937, "MQ135": 510.37468081410714, "MQ4": 1.2824773265410614, "DUST_RAW": 617.94, "DUST": 33190.13671875001, "MQ4_RAW": 327, "MQ135_RAW": 558}